{
    "method": "Bayesian Optimization",
    "best_params": {
        "learning_rate": 5.6115164153345e-05,
        "gamma": 0.9965850010140859,
        "batch_size": 32,
        "target_update_freq": 594,
        "n_steps": 5,
        "epsilon_start": 0.8005575058716043,
        "epsilon_end": 0.0737265320016441,
        "epsilon_decay_steps": 52426,
        "memory_size": 50000,
        "n_atoms": 101,
        "v_min": -12.128653525516432,
        "v_max": 11.479175279631736
    },
    "best_score": 0.9799999999999998,
    "runtime": 1277.5656962394714,
    "total_trials": 1,
    "all_results": [
        {
            "trial_id": 0,
            "hyperparams": {
                "learning_rate": 5.6115164153345e-05,
                "gamma": 0.9965850010140859,
                "batch_size": 32,
                "target_update_freq": 594,
                "n_steps": 5,
                "epsilon_start": 0.8005575058716043,
                "epsilon_end": 0.0737265320016441,
                "epsilon_decay_steps": 52426,
                "memory_size": 50000,
                "n_atoms": 101,
                "v_min": -12.128653525516432,
                "v_max": 11.479175279631736
            },
            "mean_reward": 0.9799999999999998,
            "std_reward": 0.02999999999999997,
            "variance": 0.0008999999999999982,
            "mean_steps_to_threshold": null,
            "mean_training_time": 638.1774084568024,
            "mean_memory_usage": 949.98828125,
            "all_rewards": [
                0.9499999999999998,
                1.0099999999999998
            ],
            "detailed_metrics": {
                "per_seed": [
                    {
                        "mean_reward": 0.9499999999999998,
                        "training_time": 638.6568162441254,
                        "episodes_completed": 53,
                        "max_memory_mb": 713.5234375,
                        "steps_to_threshold": null,
                        "evaluation_rewards": [],
                        "episode_rewards": [
                            2.800000000000001,
                            1.2,
                            1.5000000000000002,
                            3.0000000000000013,
                            1.9000000000000006,
                            1.5000000000000002,
                            2.0000000000000004,
                            0.8999999999999999,
                            2.800000000000001,
                            3.0000000000000013,
                            1.5000000000000002,
                            2.400000000000001,
                            1.8000000000000005,
                            1.0999999999999999,
                            1.6000000000000003,
                            2.400000000000001,
                            0.8999999999999999,
                            1.5000000000000002,
                            0.9999999999999999,
                            1.3,
                            0.9999999999999999,
                            2.400000000000001,
                            1.0999999999999999,
                            2.0000000000000004,
                            4.200000000000001,
                            1.4000000000000001,
                            2.500000000000001,
                            1.8000000000000005,
                            3.800000000000002,
                            0.9999999999999999,
                            1.2,
                            2.2000000000000006,
                            1.4000000000000001,
                            2.500000000000001,
                            1.8000000000000005,
                            3.800000000000002,
                            1.9000000000000006,
                            0.8999999999999999,
                            2.400000000000001,
                            1.0999999999999999,
                            1.5000000000000002,
                            1.6000000000000003,
                            2.700000000000001,
                            1.9000000000000006,
                            1.4000000000000001,
                            1.3,
                            3.3000000000000016,
                            1.3,
                            1.9000000000000006,
                            1.0999999999999999,
                            1.2,
                            1.5000000000000002,
                            1.7000000000000004
                        ],
                        "mean_episode_length": 18.867924528301888
                    },
                    {
                        "mean_reward": 1.0099999999999998,
                        "training_time": 637.6980006694794,
                        "episodes_completed": 59,
                        "max_memory_mb": 1186.453125,
                        "steps_to_threshold": null,
                        "evaluation_rewards": [],
                        "episode_rewards": [
                            1.6000000000000003,
                            1.0999999999999999,
                            1.4000000000000001,
                            1.4000000000000001,
                            1.0999999999999999,
                            1.5000000000000002,
                            1.3,
                            2.800000000000001,
                            1.0999999999999999,
                            1.4000000000000001,
                            1.4000000000000001,
                            2.700000000000001,
                            1.8000000000000005,
                            3.5000000000000018,
                            1.3,
                            1.9000000000000006,
                            0.9999999999999999,
                            1.5000000000000002,
                            1.6000000000000003,
                            0.8999999999999999,
                            0.9999999999999999,
                            1.6000000000000003,
                            1.4000000000000001,
                            2.3000000000000007,
                            4.999999999999998,
                            0.9999999999999999,
                            0.9999999999999999,
                            1.7000000000000004,
                            1.2,
                            2.3000000000000007,
                            1.0999999999999999,
                            1.6000000000000003,
                            1.3,
                            2.800000000000001,
                            3.1000000000000014,
                            2.2000000000000006,
                            1.5000000000000002,
                            1.7000000000000004,
                            1.4000000000000001,
                            0.9999999999999999,
                            1.0999999999999999,
                            1.5000000000000002,
                            3.600000000000002,
                            2.1000000000000005,
                            1.5000000000000002,
                            1.0999999999999999,
                            1.3,
                            1.4000000000000001,
                            0.9999999999999999,
                            1.6000000000000003,
                            1.2,
                            1.0999999999999999,
                            1.0999999999999999,
                            1.3,
                            2.500000000000001,
                            1.0999999999999999,
                            1.4000000000000001,
                            2.0000000000000004,
                            1.6000000000000003
                        ],
                        "mean_episode_length": 16.949152542372882
                    }
                ],
                "aggregate": {
                    "mean_reward": 0.9799999999999998,